d,a,r,k, ,s,w,e,e,t, ,p,i,t,t,e,d, ,c,h,e,r,r,i,e,s
g,a,r,l,i,c, ,s,a,l,t
n,u,t,m,e,g
o,r,a,n,g,e, ,f,l,a,v,o,r,i,n,g
r,e,d, ,a,p,p,l,e,s
T,o,m,a,t,o
n,u,t, ,m,e,a,t,s
w,h,o,l,e, ,c,l,o,v,e,s
g,r,o,u,n,d, ,w,h,i,t,e, ,p,e,p,p,e,r
f,r,u,i,t, ,c,o,c,k,t,a,i,l
c,o,c,o,a
a,p,p,l,e
f,l,a,v,o,r, ,g,e,l,a,t,i,n
M,o,z,z,a,r,e,l,l,a, ,c,h,e,e,s,e
k,i,d,n,e,y, ,b,e,a,n,s
t,h,i,n, ,g,r,e,e,n, ,o,n,i,o,n, ,s,t,r,i,p,s
l,e,m,o,n,s
g,a,r,l,i,c
C,r,i,s,c,o, ,o,i,l
c,h,e,e,s,e
o,r,a,n,g,e
c,h,i,c,k,e,n, ,c,u,t,l,e,t,s
g,r,e,e,n, ,b,e,a,n,s
c,o,n,d,e,n,s,e,d, ,m,i,l,k
c,r,e,a,m,-,s,t,y,l,e
b,e,l,l, ,p,e,p,p,e,r,s
p,e,p,p,e,r
c,a,r,r,o,t, ,c,h,u,n,k,s
e,x,t,r,a, ,l,e,a,n, ,g,r,o,u,n,d, ,b,e,e,f
m,a,y,o,n,n,a,i,s,e
m,a,c,a,r,o,n,i
s,w,e,e,t, ,b,a,s,i,l
c,o,r,n, ,t,o,r,t,i,l,l,a
b,u,t,t,e,r,m,i,l,k
c,o,r,n
c,h,o,c,o,l,a,t,e, ,f,u,d,g,e, ,p,u,d,d,i,n,g
b,r,o,c,c,o,l,i
b,e,l,l, ,p,e,p,p,e,r
c,h,o,c,o,l,a,t,e, ,f,u,d,g,e, ,c,a,k,e
g,r,e,e,n, ,c,h,i,l,i, ,p,e,p,p,e,r,s
I,t,a,l,i,a,n, ,t,o,m,a,t,o,e,s
o,r,a,n,g,e, ,j,u,i,c,e
m,u,s,h,r,o,o,m,s
c,h,e,d,d,a,r, ,c,h,e,e,s,e
p,i,e, ,f,i,l,l,i,n,g
r,h,u,b,a,r,b
s,h,e,l,l
p,e,a,r, ,h,a,l,v,e,s
j,a,r,s, ,J,u,n,i,o,r, ,b,a,b,y, ,f,o,o,d
e,g,g, ,w,h,i,t,e,s
c,o,l,d, ,w,a,t,e,r
o,l,e,o
l,e,m,o,n, ,y,o,g,u,r,t
m,u,s,t,a,r,d
c,r,a,c,k,e,r,s
y,e,l,l,o,w, ,c,a,k,e, ,m,i,x
o,n,i,o,n
a,p,p,l,e,s,a,u,c,e
c,h,i,c,k,e,n, ,b,r,o,t,h
b,l,a,c,k, ,p,e,p,p,e,r
s,t,r,a,w,b,e,r,r,y, ,j,e,l,l,o
I,t,a,l,i,a,n, ,d,r,e,s,s,i,n,g
w,h,i,p,p,i,n,g, ,c,r,e,a,m
s,t,u,f,f,i,n,g, ,m,i,x
c,l,o,v,e, ,g,a,r,l,i,c
w,h,i,t,e, ,g,r,a,p,e,s
s,w,e,e,t, ,m,i,l,k
h,e,a,r,t,s
b,o,i,l,i,n,g, ,w,a,t,e,r
c,r,e,a,m, ,o,f, ,m,u,s,h,r,o,o,m, ,s,o,u,p
c,l,e,a,n,e,d, ,s,t,r,a,w,b,e,r,r,i,e,s
v,e,g,e,t,a,b,l,e, ,c,o,o,k,i,n,g, ,s,p,r,a,y
V,e,l,v,e,e,t,a
o,r,a,n,g,e, ,s,l,i,c,e,d, ,c,a,n,d,y
g,r,a,h,a,m, ,c,r,a,c,k,e,r, ,c,r,u,m,b,s
s,e,m,i,-,s,w,e,e,t, ,c,h,o,c,o,l,a,t,e, ,c,h,i,p,s
o,l,i,v,e, ,o,i,l
s,o,d,a
p,e,p,p,e,r,s
v,a,n,i,l,l,a, ,p,u,d,d,i,n,g
m,u,l,t,i,-,c,o,l,o,r,e,d, ,c,a,n,d,i,e,s
w,a,t,e,r,m,e,l,o,n, ,r,i,n,d
c,r,a,n,b,e,r,r,i,e,s
c,h,e,r,r,i,e,s
f,r,o,z,e,n, ,s,t,r,a,w,b,e,r,r,i,e,s
o,r,e,g,a,n,o
o,n,i,o,n,s
o,a,t,s
w,a,r,m, ,w,a,t,e,r
g,r,a,h,a,m, ,c,r,a,c,k,e,r, ,c,r,u,s,t,s
g,r,e,e,n, ,p,e,p,p,e,r
m,a,r,s,h,m,a,l,l,o,w,s
w,a,t,e,r
b,u,t,t,e,r, ,b,e,a,n,s
s,o,y, ,s,a,u,c,e
l,i,m,e, ,g,e,l,a,t,i,n
e,g,g,s
p,o,w,d,e,r,e,d, ,s,u,g,a,r
a,p,r,i,c,o,t, ,j,e,l,l,o
c,i,n,n,a,m,o,n
w,h,i,t,e, ,c,a,k,e
o,i,l
a,p,p,l,e, ,j,u,i,c,e
g,r,o,u,n,d, ,r,e,d, ,p,e,p,p,e,r
p,o,t,a,t,o,e,s
p,e,p,p,e,r,m,i,n,t, ,c,a,n,d,y
b,a,r,b,e,c,u,e, ,s,a,u,c,e
d,r,y, ,m,u,s,t,a,r,d
c,o,o,k,i,n,g, ,o,i,l
g,i,n,g,e,r, ,a,l,e
b,a,k,i,n,g, ,s,o,d,a
c,a,t,s,u,p
o,r,a,n,g,e,s
g,r,o,u,n,d, ,b,e,e,f
p,e,c,a,n,s
s,e,s,a,m,e, ,s,e,e,d
c,o,r,n,e,d, ,b,e,e,f
G,r,o,u,n,d, ,B,e,e,f
c,e,l,e,r,y
o,n,i,o,n, ,s,o,u,p
w,h,i,t,e, ,c,o,r,n, ,s,y,r,u,p
d,e,l,u,x,e, ,w,h,i,t,e, ,c,a,k,e, ,m,i,x
l,o,n,g
s,h,r,e,d,d,e,d, ,l,e,t,t,u,c,e
s,u,g,a,r
I,t,a,l,i,a,n, ,s,e,a,s,o,n,i,n,g
t,o,m,a,t,o, ,p,a,s,t,e
c,h,o,c,o,l,a,t,e, ,s,y,r,u,p
b,e,e,f, ,c,o,n,s,o,m,m,e
b,a,k,i,n,g, ,p,o,t,a,t,o,e,s
s,a,u,s,a,g,e
h,e,n
n,o,o,d,l,e,s
v,e,g,e,t,a,b,l,e, ,o,i,l
c,h,i,c,k,e,n, ,b,r,e,a,s,t,s
m,a,r,g,a,r,i,n,e
b,a,c,o,n
c,r,e,a,m,-,s,t,y,l,e, ,c,o,r,n
c,r,e,s,c,e,n,t, ,r,o,l,l,s
t,o,m,a,t,o, ,s,o,u,p
W,e,s,s,o,n, ,o,i,l
B,i,s,q,u,i,c,k
v,a,n,i,l,l,a, ,w,a,f,e,r,s
f,r,e,s,h, ,m,u,s,h,r,o,o,m,s
g,r,o,u,n,d, ,n,u,t,s
s,h,o,r,t,e,n,i,n,g
b,e,e,f, ,s,t,o,c,k
p,u,r,p,l,e, ,g,r,a,p,e,s
f,r,o,z,e,n, ,c,o,r,n
f,l,o,u,r
u,n,s,w,e,e,t,e,n,e,d, ,c,h,o,c,o,l,a,t,e
t,o,m,a,t,o, ,j,u,i,c,e
o,i,l, ,o,f, ,c,i,n,n,a,m,o,n
t,o,m,a,t,o
c,o,n,f,e,c,t,i,o,n,e,r,s, ,s,u,g,a,r
c,o,c,o,n,u,t
v,i,n,e,g,a,r
p,i,m,e,n,t,o,s
A,n,g,e,l
g,i,n,g,e,r
m,o,i,s,t, ,c,o,c,o,n,u,t
s,a,l,a,d, ,o,i,l
a,p,p,l,e,s
c,h,i,c,k,e,n
c,a,k,e, ,m,i,x
g,r,e,e,n, ,o,n,i,o,n,s
g,r,e,e,n, ,o,n,i,o,n
f,r,e,s,h, ,s,t,r,a,w,b,e,r,r,i,e,s
b,r,e,a,d
C,h,e,d,d,a,r, ,c,h,e,e,s,e
c,o,r,n,s,t,a,r,c,h
r,a,i,s,i,n,s
F,r,a,n,g,o
t,o,m,a,t,o,e,s
b,e,a,n,s
c,r,e,a,m, ,c,h,e,e,s,e
r,i,c,e
s,o,u,r, ,c,r,e,a,m
c,h,i,c,k,e,n, ,g,r,a,v,y
c,r,a,n,b,e,r,r,y, ,s,a,u,c,e
P,a,r,m,e,s,a,n, ,c,h,e,e,s,e
b,l,a,c,k, ,o,l,i,v,e,s
b,u,t,t,e,r
l,e,m,o,n, ,j,u,i,c,e
s,a,l,s,a
b,e,e,r
g,r,a,n,u,l,a,t,e,d, ,s,u,g,a,r
y,e,l,l,o,w, ,a,p,p,l,e,s
V,e,l,v,e,e,t,a, ,c,h,e,e,s,e
b,e,e,f
c,a,b,b,a,g,e
t,a,c,o, ,s,e,a,s,o,n,i,n,g
c,r,e,a,m, ,o,f, ,c,h,i,c,k,e,n, ,s,o,u,p
g,r,e,e,n, ,c,h,i,l,i, ,s,a,l,s,a, ,s,a,u,c,e
s,q,u,a,s,h
t,u,n,a
t,o,r,t,i,l,l,a, ,c,h,i,p,s
S,a,l,a,d, ,S,u,p,r,e,m,e
e,g,g
b,a,k,i,n,g, ,p,o,w,d,e,r
t,a,c,o, ,s,a,u,c,e
s,t,e,a,k
c,o,r,n, ,b,r,e,a,d
y,e,l,l,o,w, ,c,a,k,e
p,i,m,e,n,t,o
b,a,n,a,n,a,s
c,o,r,n, ,f,l,a,k,e, ,c,r,u,m,b,s
d,r,o,p,s, ,r,e,d, ,p,e,p,p,e,r, ,s,a,u,c,e
b,a,s,i,l
v,a,n,i,l,l,a
p,i,n,e,a,p,p,l,e
s,h,r,e,d,d,e,d, ,c,h,e,e,s,e
e,g,g, ,y,o,l,k,s
v,e,g,e,t,a,b,l,e, ,s,o,u,p, ,m,i,x
c,u,r,r,y, ,p,o,w,d,e,r
p,o,r,k
b,r,o,w,n, ,s,u,g,a,r
V,i,d,a,l,i,a, ,o,n,i,o,n
f,l,o,u,n,d,e,r
g,a,r,l,i,c, ,p,o,w,d,e,r
c,o,n,s,o,m,m,e
a,l,m,o,n,d, ,e,x,t,r,a,c,t
s,t,r,a,w,b,e,r,r,y
y,e,a,s,t
p,e,a,c,h,e,s
y,e,l,l,o,w, ,b,e,a,n,s
p,e,a,s
h,o,n,e,y
c,o,r,n,f,l,a,k,e,s
b,i,t,e, ,s,i,z,e, ,s,h,r,e,d,d,e,d, ,r,i,c,e, ,b,i,s,c,u,i,t,s
W,o,r,c,e,s,t,e,r,s,h,i,r,e, ,s,a,u,c,e
a,l,l,s,p,i,c,e
g,r,a,t,e,d, ,g,i,n,g,e,r
w,a,l,n,u,t,s
p,a,r,a,f,f,i,n
g,r,e,e,n, ,p,e,p,p,e,r,s
f,r,o,z,e,n, ,m,i,x,e,d, ,v,e,g,e,t,a,b,l,e,s
p,e,a,n,u,t, ,b,u,t,t,e,r
o,r,a,n,g,e, ,g,e,l,a,t,i,n
T,a,b,a,s,c,o, ,s,a,u,c,e
c,a,r,r,o,t,s
n,u,t,s
c,l,o,v,e,s
S,p,a,n,i,s,h, ,r,i,c,e
g,r,o,u,n,d, ,b,l,a,c,k, ,p,e,p,p,e,r
a,p,p,l,e, ,v,i,n,e,g,a,r
g,r,e,e,n, ,c,h,i,l,i,e,s
c,h,o,c,o,l,a,t,e, ,c,h,i,p,s
c,r,e,a,m, ,o,f, ,c,e,l,e,r,y, ,s,o,u,p
w,h,o,l,e, ,k,e,r,n,e,l, ,c,o,r,n
t,o,m,a,t,o, ,s,a,u,c,e
E,n,g,l,i,s,h, ,p,e,a,s
m,i,l,k
s,a,l,t
c,h,e,r,r,y, ,p,i,e, ,m,i,x
r,e,d, ,v,i,n,e,g,a,r
